candidate_id	candidate_kind	source_term	source_expansion	chapter_slug	source_context	proposed_lt	status	scope	candidate_origin	reason	banned_lt	source_ref	notes
003-guideline-developers-and-contributors-acronym-aace	acronym	AACE		003-guideline-developers-and-contributors	Cathryn James, Senior Clinical Support Manager for NASMeD and JRCALC, AACE		rejected	book	research_risky_term | source_acronym	Užfiksuota `## Rizikingi terminai`, bet nėra aktyvioje akronimų bazėje. | Aptikta source tekste kaip santrumpa, bet nėra aktyvioje akronimų bazėje.		Originalo JK organizacinė santrumpa. Nenaudoti kaip LT akronimų bazės įrašo; laikyti tik originalo kontekste.	
003-guideline-developers-and-contributors-term-nasmed	term	NASMeD		003-guideline-developers-and-contributors	Cathryn James, Senior Clinical Support Manager for NASMeD and JRCALC, AACE		rejected	book	research_risky_term	Užfiksuota `## Rizikingi terminai`, bet nėra aktyvioje terminų bazėje.			Originalo JK organizacinė santrumpa. Nenaudoti kaip LT terminų bazės įrašo; laikyti tik originalo kontekste.
004-guideline-development-methodology-acronym-aace	acronym	AACE		004-guideline-development-methodology	Feedback is welcome via JRCALC@AACE.org		rejected	book	source_acronym	Aptikta source tekste kaip santrumpa, bet nėra aktyvioje akronimų bazėje.			Originalo JK organizacinė santrumpa. Nenaudoti kaip LT akronimų bazės įrašo; laikyti tik originalo kontekste.
005-update-analysis-what-s-changed-acronym-abd	acronym	ABD	Acute Behavioural Disturbance	005-update-analysis-what-s-changed	| Abdominal Pain | April 2025 | Revised and updated. The common causes table for adults and children has been revised and symptom indicators added to aid working diagnosis. Includes diagram of abdominal regions. |	Acute Behavioural Disturbance (ABD)	original_context_only	book	source_acronym	Aptikta source tekste kaip santrumpa, bet nėra aktyvioje akronimų bazėje.		https://e-seimas.lrs.lt/rs/actualedition/TAIS.348729/EEvxjRRsMN/format/ISO_PDF/	JK originalo santrumpa arba neperkeliamas originalo konteksto vienetas; į LT akronimų bazę nekelti.
005-update-analysis-what-s-changed-acronym-acs	acronym	ACS		005-update-analysis-what-s-changed	| Acute Coronary Syndrome | January 2023 | Small change to wording about health inequalities, regarding women and ACS. |	ūminis koronarinis sindromas	approved_global	global	source_acronym	Aptikta source tekste kaip santrumpa, bet nėra aktyvioje akronimų bazėje.		https://lsmu.lt/cris/entities/publication/e2bd0013-f8f0-47fe-bdb2-867e6961a320	Patikrinta LT interneto medicinos ar norminiuose šaltiniuose 2026-03-28; užrakinta bendroje bazėje.
005-update-analysis-what-s-changed-acronym-adrt	acronym	ADRT		005-update-analysis-what-s-changed	| Termination of Resuscitation and Verification of Death in Adults | September 2022 | Reviewed and updated in line with RCUK. New section on advance care planning included and more guidance added to clarify decisions around ADRT, lasting power of attorney and DNACPR, expected and unexpected deaths. |		original_context_only	book	source_acronym	Aptikta source tekste kaip santrumpa, bet nėra aktyvioje akronimų bazėje.			JK originalo santrumpa arba neperkeliamas originalo konteksto vienetas; į LT akronimų bazę nekelti.
005-update-analysis-what-s-changed-acronym-apgar	acronym	APGAR		005-update-analysis-what-s-changed	| Care of the Newborn | October 2024 | Removal of APGAR score. |	Apgar balas	approved_global	global	source_acronym	Aptikta source tekste kaip santrumpa, bet nėra aktyvioje akronimų bazėje.		https://lsmu.lt/cris/entities/etd/2bf5cfaf-6daa-4c69-b89c-872245a89a79	Patikrinta LT interneto medicinos ar norminiuose šaltiniuose 2026-03-28; užrakinta bendroje bazėje.
005-update-analysis-what-s-changed-acronym-bm	acronym	BM	nce no absolute blood glucose threshold was identified in the literature, symptomatic patients with a blood glucose level	005-update-analysis-what-s-changed	| Glycaemic Emergencies in Adults and Children | July 2025 | Section 3.1, which covers hypoglycaemia in patients without diabetes, has been updated following a review of the evidence. Since no absolute blood glucose threshold was identified in the literature, symptomatic patients with a blood glucose level (BM) of less than 3.9 mmol/L can now be considered hypoglycaemic. |		not_acronym	book	source_acronym	Aptikta source tekste kaip santrumpa, bet nėra aktyvioje akronimų bazėje.			Tai ne aktyvios LT akronimų bazės vienetas šiam projektui. Neperkelti į shared akronimų sluoksnį.
005-update-analysis-what-s-changed-acronym-cbrn	acronym	CBRN	Chemical Biological Radiological Nuclear	005-update-analysis-what-s-changed	| Atropine for CBRNE | October 2022 | Reviewed and updated. |	cheminiai, biologiniai, radiologiniai ir branduoliniai	approved_global	global	source_acronym	Aptikta source tekste kaip santrumpa, bet nėra aktyvioje akronimų bazėje.		https://e-seimas.lrs.lt/rs/actualedition/TAIS.448965/TsnsHTCupm/	Patikrinta LT interneto medicinos ar norminiuose šaltiniuose 2026-03-28; užrakinta bendroje bazėje.
005-update-analysis-what-s-changed-acronym-cbrne	acronym	CBRNE		005-update-analysis-what-s-changed	| Atropine for CBRNE | October 2022 | Reviewed and updated. |	CBRNE	localization_only	book	source_acronym	Aptikta source tekste kaip santrumpa, bet nėra aktyvioje akronimų bazėje.			Santrumpa paliekama tik lokaliame specialiųjų situacijų wording sluoksnyje; į shared akronimų bazę nepromuoti be atskiro LT terminijos pagrindo.
005-update-analysis-what-s-changed-acronym-crb-65	acronym	CRB-65		005-update-analysis-what-s-changed	| Dyspnoea | March 2024 | Fully reviewed and revised in line with NICE guidance. Includes CRB-65 score. |	CRB-65 skalė	approved_global	global	source_acronym	Aptikta source tekste kaip santrumpa, bet nėra aktyvioje akronimų bazėje.		https://epublications.vu.lt/object/elaba%3A109927092/	Patikrinta LT interneto medicinos ar norminiuose šaltiniuose 2026-03-28; užrakinta bendroje bazėje.
005-update-analysis-what-s-changed-acronym-dka	acronym	DKA		005-update-analysis-what-s-changed	| Intravascular Fluid Therapy in Children | May 2021 | The duration over which non-shocked patients with DKA should be given an initial 10 ml/kg bolus has been decreased to 30 minutes (was previously 60 minutes). Figure 7.3 (Intravascular Fluid Therapy in Children algorithm) has been removed for clarity. |	diabetinė ketoacidozė	approved_global	global	research_risky_term | source_acronym	Užfiksuota `## Rizikingi terminai`, bet nėra aktyvioje akronimų bazėje. | Aptikta source tekste kaip santrumpa, bet nėra aktyvioje akronimų bazėje.		https://lsmu.lt/cris/entities/publication/a3f2fcd9-4574-4826-9ad1-e331369f5f47/full	Patikrinta LT interneto medicinos ar norminiuose šaltiniuose 2026-03-28; užrakinta bendroje bazėje.
005-update-analysis-what-s-changed-acronym-iv	acronym	IV		005-update-analysis-what-s-changed	| Clinical Considerations in Relation to Diversity and Equality | April 2025 | New wording added around pulse oximetry in dark skin, and also regarding terminology in the disability section. |		not_acronym	book	source_acronym	Aptikta source tekste kaip santrumpa, bet nėra aktyvioje akronimų bazėje.			`IV` šiame projekte laikoma vartojimo kelio santrumpa (`intraveninis` / `į veną`), o ne `Intravascular Fluid Therapy` sinonimu. Į aktyvią šio skyriaus terminų triage bazę nekelti kaip atskiro pavadinimo.
005-update-analysis-what-s-changed-acronym-lvad	acronym	LVAD		005-update-analysis-what-s-changed	| Management and Resuscitation of Patients with Left Ventricular Assist Devices (LVADs) | April 2025 | Revised and updated. Small changes include: If possible, anterior-posterior pad positioning would be preferable based on the LVAD position within the chest wall. LVAD centre emergency contacts numbers were checked for accuracy. |	kairiojo skilvelio pagalbinis įrenginys	approved_global	global	research_risky_term | source_acronym	Užfiksuota `## Rizikingi terminai`, bet nėra aktyvioje akronimų bazėje. | Aptikta source tekste kaip santrumpa, bet nėra aktyvioje akronimų bazėje.		https://lsmu.lt/cris/entities/etd/70426154-45f7-4824-9fd1-1d18631955b5	Patikrinta LT interneto medicinos ar norminiuose šaltiniuose 2026-03-28; užrakinta bendroje bazėje.
005-update-analysis-what-s-changed-acronym-ng24	acronym	NG24		005-update-analysis-what-s-changed	| Adrenal Insufficiency Patients (formerly called Steroid-dependent Patients) | April 2025 | Reviewed and updated in line with NICE guidanace NG24. Note new title (previously called Steroid-dependent Patients). |		original_context_only	book	source_acronym	Aptikta source tekste kaip santrumpa, bet nėra aktyvioje akronimų bazėje.			JK originalo santrumpa arba neperkeliamas originalo konteksto vienetas; į LT akronimų bazę nekelti.
005-update-analysis-what-s-changed-acronym-nice	acronym	NICE		005-update-analysis-what-s-changed	| Adrenal Insufficiency Patients (formerly called Steroid-dependent Patients) | April 2025 | Reviewed and updated in line with NICE guidanace NG24. Note new title (previously called Steroid-dependent Patients). |		original_context_only	book	research_risky_term | source_acronym	Užfiksuota `## Rizikingi terminai`, bet nėra aktyvioje akronimų bazėje. | Aptikta source tekste kaip santrumpa, bet nėra aktyvioje akronimų bazėje.			JK originalo santrumpa arba neperkeliamas originalo konteksto vienetas; į LT akronimų bazę nekelti.
005-update-analysis-what-s-changed-acronym-rcuk	acronym	RCUK		005-update-analysis-what-s-changed	| Basic Life Support in Adults | September 2022 | Reviewed and updated in line with RCUK. New wording added. |		original_context_only	book	research_risky_term | source_acronym	Užfiksuota `## Rizikingi terminai`, bet nėra aktyvioje akronimų bazėje. | Aptikta source tekste kaip santrumpa, bet nėra aktyvioje akronimų bazėje.			JK originalo santrumpa arba neperkeliamas originalo konteksto vienetas; į LT akronimų bazę nekelti.
005-update-analysis-what-s-changed-acronym-sarc	acronym	SARC		005-update-analysis-what-s-changed	| Sexual Assault | March 2024 | Fully revised and updated. Emphasis on use of Sexual Assault Referral Centres (SARCs). |		original_context_only	book	research_risky_term	Užfiksuota `## Rizikingi terminai`, bet nėra aktyvioje akronimų bazėje.			JK originalo santrumpa arba neperkeliamas originalo konteksto vienetas; į LT akronimų bazę nekelti.
005-update-analysis-what-s-changed-term-abdominal-pain	term	Abdominal Pain		005-update-analysis-what-s-changed	| Abdominal Pain | April 2025 | Revised and updated. The common causes table for adults and children has been revised and symptom indicators added to aid working diagnosis. Includes diagram of abdominal regions. |	pilvo skausmas	approved_global	global	source_guideline_title	Aptikta aukštos vertės source antraštėje ar guideline title lauke, todėl prieš draftą turi būti sutikrinta su LT-source sluoksniu.			Patikrinta LT interneto medicinos šaltiniuose 2026-03-28; užrakinta bendroje bazėje.
005-update-analysis-what-s-changed-term-abdominal-trauma	term	Abdominal Trauma		005-update-analysis-what-s-changed	| Abdominal Trauma | July 2024 | Reviewed and updated, placing emphasis that when managing critically ill or injured patients, early consideration should be given to the requirement for additional critical care resources. |	pilvo trauma	approved_global	global	source_guideline_title	Aptikta aukštos vertės source antraštėje ar guideline title lauke, todėl prieš draftą turi būti sutikrinta su LT-source sluoksniu.			Patikrinta LT interneto medicinos šaltiniuose 2026-03-28; užrakinta bendroje bazėje.
005-update-analysis-what-s-changed-term-acute-behavioural-disturbance	term	Acute Behavioural Disturbance		005-update-analysis-what-s-changed	| Acute Behavioural Disturbance (ABD) | February 2021 | Additional wording to emphasise close monitoring of a restrained patient. |	Acute Behavioural Disturbance (ABD)	original_context_only	book	source_guideline_title	Aptikta aukštos vertės source antraštėje ar guideline title lauke, todėl prieš draftą turi būti sutikrinta su LT-source sluoksniu.		https://e-seimas.lrs.lt/rs/actualedition/TAIS.348729/EEvxjRRsMN/format/ISO_PDF/	Originalo JK ar tarptautinis kontekstinis vienetas; aktyvioje LT terminų bazėje nefiksuoti. Jei prireiks, pilną LT sprendimą daryti lokalizuojant konkretų skyrių.
005-update-analysis-what-s-changed-term-acute-coronary-syndrome	term	Acute Coronary Syndrome		005-update-analysis-what-s-changed	| Acute Coronary Syndrome | January 2023 | Small change to wording about health inequalities, regarding women and ACS. |	ūminis koronarinis sindromas	approved_global	global	source_guideline_title	Aptikta aukštos vertės source antraštėje ar guideline title lauke, todėl prieš draftą turi būti sutikrinta su LT-source sluoksniu.		https://lsmu.lt/cris/entities/publication/e2bd0013-f8f0-47fe-bdb2-867e6961a320	Patikrinta LT interneto medicinos šaltiniuose 2026-03-28; užrakinta bendroje bazėje.
005-update-analysis-what-s-changed-term-adrenal-insufficiency-patients	term	Adrenal Insufficiency Patients		005-update-analysis-what-s-changed	| Adrenal Insufficiency Patients (formerly called Steroid-dependent Patients) | April 2025 | Reviewed and updated in line with NICE guidanace NG24. Note new title (previously called Steroid-dependent Patients). |	antinksčių nepakankamumu sergantys pacientai	localization_only	book	source_guideline_title	Aptikta aukštos vertės source antraštėje ar guideline title lauke, todėl prieš draftą turi būti sutikrinta su LT-source sluoksniu.			Sudėtinė skyriaus antraštė arba lokalizacijos wording vienetas; nepromuoti į shared lexicon. Tikslinti pilnai lokalizuojant atitinkamą atskirą skyrių.
005-update-analysis-what-s-changed-term-agitated-patients	term	Agitated Patients		005-update-analysis-what-s-changed	| Agitated Patients | January 2023 | New guideline to sit alongside ABD. |	Sujaudinti pacientai	localization_only	book	source_guideline_title	Aptikta aukštos vertės source antraštėje ar guideline title lauke, todėl prieš draftą turi būti sutikrinta su LT-source sluoksniu.			Sudėtinė skyriaus antraštė arba lokalizacijos wording vienetas; nepromuoti į shared lexicon. Tikslinti pilnai lokalizuojant atitinkamą atskirą skyrių.
005-update-analysis-what-s-changed-term-alcohol-use-disorders	term	Alcohol-Use Disorders		005-update-analysis-what-s-changed	| Alcohol-Use Disorders | September 2023 | A new paragraph is included on alcoholic ketoacidosis. |	alkoholio vartojimo sutrikimai	approved_global	global	source_guideline_title	Aptikta aukštos vertės source antraštėje ar guideline title lauke, todėl prieš draftą turi būti sutikrinta su LT-source sluoksniu.			Patikrinta LT interneto medicinos šaltiniuose 2026-03-28; užrakinta bendroje bazėje.
005-update-analysis-what-s-changed-term-allergic-reactions-including-anaphylaxis	term	Allergic Reactions including Anaphylaxis		005-update-analysis-what-s-changed	| Allergic Reactions including Anaphylaxis | September 2021 | Reviewed and updated in line with RCUK guidance. Emphasis on repeat IM adrenaline doses. |	alerginės reakcijos, įskaitant anafilaksiją	approved_global	global	source_guideline_title	Aptikta aukštos vertės source antraštėje ar guideline title lauke, todėl prieš draftą turi būti sutikrinta su LT-source sluoksniu.			Patikrinta LT interneto medicinos šaltiniuose 2026-03-28; užrakinta bendroje bazėje.
005-update-analysis-what-s-changed-term-altered-level-of-consciousness	term	Altered Level of Consciousness		005-update-analysis-what-s-changed	| Altered Level of Consciousness | July 2025 | In response to user feedback, the term “coma” has been replaced with “reduced level of consciousness” throughout the guideline. A new section has been added around sudden cardiac death. |	sutrikusi sąmonė	approved_global	global	source_guideline_title	Aptikta aukštos vertės source antraštėje ar guideline title lauke, todėl prieš draftą turi būti sutikrinta su LT-source sluoksniu.		https://www.santa.lt/uploads/igimt%C5%B3.pdf	Patikrinta LT interneto medicinos šaltiniuose 2026-03-28; užrakinta bendroje bazėje.
005-update-analysis-what-s-changed-term-atropine-for-cbrne	term	Atropine for CBRNE		005-update-analysis-what-s-changed	| Atropine for CBRNE | October 2022 | Reviewed and updated. |	atropinas CBRNE situacijoms	localization_only	book	source_guideline_title	Aptikta aukštos vertės source antraštėje ar guideline title lauke, todėl prieš draftą turi būti sutikrinta su LT-source sluoksniu.			Sudėtinė skyriaus antraštė arba lokalizacijos wording vienetas; nepromuoti į shared lexicon. Tikslinti pilnai lokalizuojant atitinkamą atskirą skyrių.
005-update-analysis-what-s-changed-term-behavioural-emergencies	term	Behavioural Emergencies		005-update-analysis-what-s-changed	| Behavioural Emergencies | April 2025 | New guideline that should be used in conjunction with other existing guidelines including: agitation, delirium and acute behavioural disturbance. |	Elgesio krizės	localization_only	book	source_guideline_title	Aptikta aukštos vertės source antraštėje ar guideline title lauke, todėl prieš draftą turi būti sutikrinta su LT-source sluoksniu.			Sudėtinė skyriaus antraštė arba lokalizacijos wording vienetas; nepromuoti į shared lexicon. Tikslinti pilnai lokalizuojant atitinkamą atskirą skyrių.
005-update-analysis-what-s-changed-term-burns-and-scalds	term	Burns and Scalds		005-update-analysis-what-s-changed	| Burns and Scalds | November 2019 | Reviewed and updated. |	nudegimai ir nuplikymai	approved_global	global	source_guideline_title	Aptikta aukštos vertės source antraštėje ar guideline title lauke, todėl prieš draftą turi būti sutikrinta su LT-source sluoksniu.			Patikrinta LT interneto medicinos šaltiniuose 2026-03-28; užrakinta bendroje bazėje.
005-update-analysis-what-s-changed-term-care-of-the-newborn	term	Care of the Newborn		005-update-analysis-what-s-changed	| Care of the Newborn | October 2024 | Removal of APGAR score. |	naujagimio priežiūra	approved_global	global	source_guideline_title	Aptikta aukštos vertės source antraštėje ar guideline title lauke, todėl prieš draftą turi būti sutikrinta su LT-source sluoksniu.			Patikrinta LT interneto medicinos šaltiniuose 2026-03-28; užrakinta bendroje bazėje.
005-update-analysis-what-s-changed-term-chronic-obstructive-pulmonary-disease	term	Chronic Obstructive Pulmonary Disease		005-update-analysis-what-s-changed	| Chronic Obstructive Pulmonary Disease | February 2022 | Reviewed and updated. |	lėtinė obstrukcinė plaučių liga	approved_global	global	source_guideline_title	Aptikta aukštos vertės source antraštėje ar guideline title lauke, todėl prieš draftą turi būti sutikrinta su LT-source sluoksniu.			Patikrinta LT interneto medicinos šaltiniuose 2026-03-28; užrakinta bendroje bazėje.
005-update-analysis-what-s-changed-term-conditions-requiring-specific-prehospital-clinical-management	term	Conditions Requiring Specific Prehospital Clinical Management		005-update-analysis-what-s-changed	| Conditions Requiring Specific Prehospital Clinical Management | July 2024 | New guideline covering a number of clinical presentations where specific pre-hospital clinical considerations are needed. |	Būklės, kurioms reikalingas specifinis ikihospitalinis klinikinis valdymas	localization_only	book	source_guideline_title	Aptikta aukštos vertės source antraštėje ar guideline title lauke, todėl prieš draftą turi būti sutikrinta su LT-source sluoksniu.			Sudėtinė skyriaus antraštė arba lokalizacijos wording vienetas; nepromuoti į shared lexicon. Tikslinti pilnai lokalizuojant atitinkamą atskirą skyrių.
005-update-analysis-what-s-changed-term-consent-in-pre-hospital-care	term	Consent in Pre-hospital Care		005-update-analysis-what-s-changed	| Consent in Pre-hospital Care | September 2021 | Reviewed and updated. |	Sutikimas ikihospitalinėje priežiūroje	localization_only	book	source_guideline_title	Aptikta aukštos vertės source antraštėje ar guideline title lauke, todėl prieš draftą turi būti sutikrinta su LT-source sluoksniu.			Sudėtinė skyriaus antraštė arba lokalizacijos wording vienetas; nepromuoti į shared lexicon. Tikslinti pilnai lokalizuojant atitinkamą atskirą skyrių.
005-update-analysis-what-s-changed-term-domestic-abuse	term	Domestic Abuse		005-update-analysis-what-s-changed	| Domestic Abuse | September 2022 | Revised and updated with current legislation. |	Smurtas artimoje aplinkoje	localization_only	book	source_guideline_title	Aptikta aukštos vertės source antraštėje ar guideline title lauke, todėl prieš draftą turi būti sutikrinta su LT-source sluoksniu.			Sudėtinė skyriaus antraštė arba lokalizacijos wording vienetas; nepromuoti į shared lexicon. Tikslinti pilnai lokalizuojant atitinkamą atskirą skyrių.
005-update-analysis-what-s-changed-term-duty-of-care	term	Duty of Care		005-update-analysis-what-s-changed	| Duty of Care | May 2021 | Reviewed and updated. |	Rūpestingumo pareiga	localization_only	book	source_guideline_title	Aptikta aukštos vertės source antraštėje ar guideline title lauke, todėl prieš draftą turi būti sutikrinta su LT-source sluoksniu.			Sudėtinė skyriaus antraštė arba lokalizacijos wording vienetas; nepromuoti į shared lexicon. Tikslinti pilnai lokalizuojant atitinkamą atskirą skyrių.
005-update-analysis-what-s-changed-term-electrical-injuries	term	Electrical Injuries		005-update-analysis-what-s-changed	| Electrical Injuries | July 2024 | Reviewed and updated. Additional wording around conveyance decisions, tasers, implantable cardioverter defibrillator and importance of 12-lead ECG monitoring. |	elektros trauma	approved_global	global	source_guideline_title	Aptikta aukštos vertės source antraštėje ar guideline title lauke, todėl prieš draftą turi būti sutikrinta su LT-source sluoksniu.			Patikrinta LT interneto medicinos šaltiniuose 2026-03-28; užrakinta bendroje bazėje.
005-update-analysis-what-s-changed-term-emergency-tracheostomy-and-laryngectomy-pre-hospital-management	term	Emergency Tracheostomy and Laryngectomy Pre-hospital Management		005-update-analysis-what-s-changed	| Emergency Tracheostomy and Laryngectomy Pre-hospital Management | September 2022 | Reviewed in line with RCUK. Revised management algorithms. |	Skubi tracheostomos ir laringektomos pacientų ikihospitalinė priežiūra	localization_only	book	source_guideline_title	Aptikta aukštos vertės source antraštėje ar guideline title lauke, todėl prieš draftą turi būti sutikrinta su LT-source sluoksniu.			Sudėtinė skyriaus antraštė arba lokalizacijos wording vienetas; nepromuoti į shared lexicon. Tikslinti pilnai lokalizuojant atitinkamą atskirą skyrių.
005-update-analysis-what-s-changed-term-end-of-life-care	term	End of Life Care		005-update-analysis-what-s-changed	| End of Life Care | May 2021 | Reviewed and updated and includes the Macmillan/UKONS tool. |	Gyvenimo pabaigos priežiūra	localization_only	book	source_guideline_title	Aptikta aukštos vertės source antraštėje ar guideline title lauke, todėl prieš draftą turi būti sutikrinta su LT-source sluoksniu.			Sudėtinė skyriaus antraštė arba lokalizacijos wording vienetas; nepromuoti į shared lexicon. Tikslinti pilnai lokalizuojant atitinkamą atskirą skyrių.
005-update-analysis-what-s-changed-term-falls-in-older-adults	term	Falls in Older Adults		005-update-analysis-what-s-changed	| Falls in Older Adults | February 2022 | New wording around frailty scoring added; consider using the clinical frailty scale, as per local pathways. |	Vyresnio amžiaus suaugusiųjų griuvimai	localization_only	book	source_guideline_title	Aptikta aukštos vertės source antraštėje ar guideline title lauke, todėl prieš draftą turi būti sutikrinta su LT-source sluoksniu.			Sudėtinė skyriaus antraštė arba lokalizacijos wording vienetas; nepromuoti į shared lexicon. Tikslinti pilnai lokalizuojant atitinkamą atskirą skyrių.
005-update-analysis-what-s-changed-term-febrile-illness	term	Febrile Illness		005-update-analysis-what-s-changed	| Febrile Illness in Children | July 2019 | Reviewed and updated. |	karščiavimu pasireiškiančios ligos	localization_only	book	source_guideline_title	Aptikta aukštos vertės source antraštėje ar guideline title lauke, todėl prieš draftą turi būti sutikrinta su LT-source sluoksniu.			Sudėtinė skyriaus antraštė arba lokalizacijos wording vienetas; nepromuoti į shared lexicon. Tikslinti pilnai lokalizuojant atitinkamą atskirą skyrių.
005-update-analysis-what-s-changed-term-foreign-body-airway-obstruction	term	Foreign Body Airway Obstruction		005-update-analysis-what-s-changed	| Foreign Body Airway Obstruction | September 2022 | Reviewed in line with RCUK. All reversible causes should be considered. |	kvėpavimo takų obstrukcija svetimkūniu	approved_global	global	source_guideline_title	Aptikta aukštos vertės source antraštėje ar guideline title lauke, todėl prieš draftą turi būti sutikrinta su LT-source sluoksniu.			Patikrinta LT interneto medicinos šaltiniuose 2026-03-28; užrakinta bendroje bazėje.
005-update-analysis-what-s-changed-term-gastrointestinal-bleeding	term	Gastrointestinal Bleeding		005-update-analysis-what-s-changed	| Gastrointestinal Bleeding | July 2019 | Reviewed and updated. |	kraujavimas iš virškinimo trakto	approved_global	global	source_guideline_title	Aptikta aukštos vertės source antraštėje ar guideline title lauke, todėl prieš draftą turi būti sutikrinta su LT-source sluoksniu.			Patikrinta LT interneto medicinos šaltiniuose 2026-03-28; užrakinta bendroje bazėje.
005-update-analysis-what-s-changed-term-glycaemic-emergencies	term	Glycaemic Emergencies		005-update-analysis-what-s-changed	| Glycaemic Emergencies in Adults and Children | July 2025 | Section 3.1, which covers hypoglycaemia in patients without diabetes, has been updated following a review of the evidence. Since no absolute blood glucose threshold was identified in the literature, symptomatic patients with a blood glucose level (BM) of less than 3.9 mmol/L can now be considered hypoglycaemic. |	glikeminės skubios būklės	localization_only	book	source_guideline_title	Aptikta aukštos vertės source antraštėje ar guideline title lauke, todėl prieš draftą turi būti sutikrinta su LT-source sluoksniu.			Sudėtinė skyriaus antraštė arba lokalizacijos wording vienetas; nepromuoti į shared lexicon. Tikslinti pilnai lokalizuojant atitinkamą atskirą skyrių.
005-update-analysis-what-s-changed-term-head-injury	term	Head Injury		005-update-analysis-what-s-changed	| Head Injury | July 2024 | Reviewed and updated. Revised guidance around conveyance decisions, and in relation to patients taking anti platelets. |	galvos trauma	approved_global	global	source_guideline_title	Aptikta aukštos vertės source antraštėje ar guideline title lauke, todėl prieš draftą turi būti sutikrinta su LT-source sluoksniu.			Patikrinta LT interneto medicinos šaltiniuose 2026-03-28; užrakinta bendroje bazėje.
005-update-analysis-what-s-changed-term-heart-failure	term	Heart Failure		005-update-analysis-what-s-changed	| Heart Failure | January 2024 | Information in ‘Key Points’ has been revised. |	širdies nepakankamumas	approved_global	global	source_guideline_title	Aptikta aukštos vertės source antraštėje ar guideline title lauke, todėl prieš draftą turi būti sutikrinta su LT-source sluoksniu.			Patikrinta LT interneto medicinos šaltiniuose 2026-03-28; užrakinta bendroje bazėje.
005-update-analysis-what-s-changed-term-heat-related-illness	term	Heat Related Illness		005-update-analysis-what-s-changed	| Heat Related Illness | September 2023 | A full review and update. New table of medications predisposing to heat related illness. |	Su karščiu susijusios būklės	localization_only	book	source_guideline_title	Aptikta aukštos vertės source antraštėje ar guideline title lauke, todėl prieš draftą turi būti sutikrinta su LT-source sluoksniu.			Sudėtinė skyriaus antraštė arba lokalizacijos wording vienetas; nepromuoti į shared lexicon. Tikslinti pilnai lokalizuojant atitinkamą atskirą skyrių.
005-update-analysis-what-s-changed-term-human-factors	term	Human Factors		005-update-analysis-what-s-changed	| Human Factors | September 2022 | New guideline. A short section on human factors will remain in ‘Out-of-Hospital Cardiac Arrest: Overview’. |	Žmogiškieji veiksniai	localization_only	book	source_guideline_title	Aptikta aukštos vertės source antraštėje ar guideline title lauke, todėl prieš draftą turi būti sutikrinta su LT-source sluoksniu.			Sudėtinė skyriaus antraštė arba lokalizacijos wording vienetas; nepromuoti į shared lexicon. Tikslinti pilnai lokalizuojant atitinkamą atskirą skyrių.
005-update-analysis-what-s-changed-term-hyperventilation-syndrome	term	Hyperventilation Syndrome		005-update-analysis-what-s-changed	| Hyperventilation Syndrome | June 2019 | Reviewed and updated. |	hiperventiliacijos sindromas	approved_global	global	source_guideline_title	Aptikta aukštos vertės source antraštėje ar guideline title lauke, todėl prieš draftą turi būti sutikrinta su LT-source sluoksniu.			Patikrinta LT interneto medicinos šaltiniuose 2026-03-28; užrakinta bendroje bazėje.
005-update-analysis-what-s-changed-term-imminent-birth	term	Imminent Birth		005-update-analysis-what-s-changed	| Imminent Birth | October 2024 | Fully reviewed and revised. New wording about identifying if birth is imminent and when to consider conveying to hospital. Inclusion of free birth, water birth, home birth and en caul birth. Revised management algorithm. New table of high-risk pregnancy features. Photos included to show estimates of volumes of blood loss. |	Artėjantis gimdymas	localization_only	book	source_guideline_title	Aptikta aukštos vertės source antraštėje ar guideline title lauke, todėl prieš draftą turi būti sutikrinta su LT-source sluoksniu.			Sudėtinė skyriaus antraštė arba lokalizacijos wording vienetas; nepromuoti į shared lexicon. Tikslinti pilnai lokalizuojant atitinkamą atskirą skyrių.
005-update-analysis-what-s-changed-term-implantable-cardioverter-defibrillator	term	Implantable Cardioverter Defibrillator		005-update-analysis-what-s-changed	| Implantable Cardioverter Defibrillator | January 2024 | Revised and updated. Amended wording on DNACPR and ReSPECT and use of ring magnets. |	implantuojamas kardioverteris-defibriliatorius	approved_global	global	source_guideline_title	Aptikta aukštos vertės source antraštėje ar guideline title lauke, todėl prieš draftą turi būti sutikrinta su LT-source sluoksniu.		https://lsmu.lt/wp-content/uploads/MC_disertacijos_Melinyte-Ankudavice.pdf	Patikrinta LT interneto medicinos šaltiniuose 2026-03-28; užrakinta bendroje bazėje.
005-update-analysis-what-s-changed-term-intravascular-fluid-therapy	term	Intravascular Fluid Therapy		005-update-analysis-what-s-changed	| Intravascular Fluid Therapy in Adults | April 2025 | A new table for Adrenal Crisis and update to the Sepsis table. |	infuzinė terapija	approved_global	global	source_guideline_title	Aptikta aukštos vertės source antraštėje ar guideline title lauke, todėl prieš draftą turi būti sutikrinta su LT-source sluoksniu.		https://sam.lrv.lt/media/viesa/saugykla/2020/10/MDqy1A-aXSc.pdf	Patikrinta SAM ir LT akademiniuose šaltiniuose 2026-03-29; užrakinta bendroje bazėje kaip `infuzinė terapija`. `intraveninė terapija` ir `IV` vartotini tik tada, kai kalbama apie konkretų vartojimo kelią.
005-update-analysis-what-s-changed-term-limb-trauma	term	Limb Trauma		005-update-analysis-what-s-changed	| Limb Trauma | September 2023 | New guidance and images on fracture reduction and management of patella dislocation. More detail on hip fractures. |	galūnių trauma	approved_global	global	source_guideline_title	Aptikta aukštos vertės source antraštėje ar guideline title lauke, todėl prieš draftą turi būti sutikrinta su LT-source sluoksniu.			Patikrinta LT interneto medicinos šaltiniuose 2026-03-28; užrakinta bendroje bazėje.
005-update-analysis-what-s-changed-term-low-back-pain	term	Low Back Pain		005-update-analysis-what-s-changed	| Low Back Pain (Non-traumatic) | September 2022 | Guidance on the assessment and management of this common presentation. |	apatinės nugaros dalies skausmas	approved_global	global	source_guideline_title	Aptikta aukštos vertės source antraštėje ar guideline title lauke, todėl prieš draftą turi būti sutikrinta su LT-source sluoksniu.		https://lsmu.lt/cris/bitstream/20.500.12512/101802/1/Povilas%20Anciukaitis.%20magistro%20darbas%202014.pdf	Patikrinta LT interneto medicinos šaltiniuose 2026-03-28; užrakinta bendroje bazėje.
005-update-analysis-what-s-changed-term-major-complex-and-high-risk-incidents	term	Major, Complex and High-Risk Incidents		005-update-analysis-what-s-changed	| Major, Complex and High-Risk Incidents | January 2024 | Reviewed and updated by NARU. Includes the new major incident triage tool algorithm (MITT). Includes the Ten Second Triage (TST), a new primary scene triage tool that has been developed for use by all first responders to any incident with multiple casualties. |	Dideli, sudėtingi ir didelės rizikos incidentai	localization_only	book	source_guideline_title	Aptikta aukštos vertės source antraštėje ar guideline title lauke, todėl prieš draftą turi būti sutikrinta su LT-source sluoksniu.			Sudėtinė skyriaus antraštė arba lokalizacijos wording vienetas; nepromuoti į shared lexicon. Tikslinti pilnai lokalizuojant atitinkamą atskirą skyrių.
005-update-analysis-what-s-changed-term-management-of-post-partum-haemorrhage	term	Management of Post-partum Haemorrhage		005-update-analysis-what-s-changed	| Management of Post-partum Haemorrhage (PPH) | January 2024 | New guideline. Includes a new algorithm. |	pogimdyminio kraujavimo valdymas	approved_global	global	source_guideline_title	Aptikta aukštos vertės source antraštėje ar guideline title lauke, todėl prieš draftą turi būti sutikrinta su LT-source sluoksniu.			Patikrinta LT interneto medicinos šaltiniuose 2026-03-28; užrakinta bendroje bazėje.
005-update-analysis-what-s-changed-term-maternal-resuscitation	term	Maternal Resuscitation		005-update-analysis-what-s-changed	| Maternal Resuscitation | July 2019 | Reviewed and updated. |	Motinos gaivinimas	localization_only	book	source_guideline_title	Aptikta aukštos vertės source antraštėje ar guideline title lauke, todėl prieš draftą turi būti sutikrinta su LT-source sluoksniu.			Sudėtinė skyriaus antraštė arba lokalizacijos wording vienetas; nepromuoti į shared lexicon. Tikslinti pilnai lokalizuojant atitinkamą atskirą skyrių.
005-update-analysis-what-s-changed-term-maternity-care	term	Maternity Care		005-update-analysis-what-s-changed	| Maternity Care (including Obstetric Emergency Overview) | October 2024 | Includes a new Prehospital Maternity Decision Tool to be used for pregnant patients and up to 4 weeks post-partum. |	akušerinė priežiūra	localization_only	book	source_guideline_title	Aptikta aukštos vertės source antraštėje ar guideline title lauke, todėl prieš draftą turi būti sutikrinta su LT-source sluoksniu.			Sudėtinė skyriaus antraštė arba lokalizacijos wording vienetas; nepromuoti į shared lexicon. Tikslinti pilnai lokalizuojant atitinkamą atskirą skyrių.
005-update-analysis-what-s-changed-term-medical-emergencies-in-adults-overview	term	Medical Emergencies in Adults – Overview		005-update-analysis-what-s-changed	| Medical Emergencies in Adults – Overview | February 2022 | New wording around frailty scoring added; consider using the clincial frailty scale, as per local pathways. |	Medicininės skubios būklės suaugusiesiems – apžvalga	localization_only	book	source_guideline_title	Aptikta aukštos vertės source antraštėje ar guideline title lauke, todėl prieš draftą turi būti sutikrinta su LT-source sluoksniu.			Sudėtinė skyriaus antraštė arba lokalizacijos wording vienetas; nepromuoti į shared lexicon. Tikslinti pilnai lokalizuojant atitinkamą atskirą skyrių.
005-update-analysis-what-s-changed-term-medical-emergencies-in-children-overview	term	Medical Emergencies in Children – Overview		005-update-analysis-what-s-changed	| Medical Emergencies in Children – Overview | February 2021 | New reference added, linking to an interactive education tool. |	Medicininės skubios būklės vaikams – apžvalga	localization_only	book	source_guideline_title	Aptikta aukštos vertės source antraštėje ar guideline title lauke, todėl prieš draftą turi būti sutikrinta su LT-source sluoksniu.			Sudėtinė skyriaus antraštė arba lokalizacijos wording vienetas; nepromuoti į shared lexicon. Tikslinti pilnai lokalizuojant atitinkamą atskirą skyrių.
005-update-analysis-what-s-changed-term-meningococcal-meningitis-and-septicaemia	term	Meningococcal Meningitis and Septicaemia		005-update-analysis-what-s-changed	| Meningococcal Meningitis and Septicaemia | July 2019 | Reviewed and updated. |	Meningokokinis meningitas ir septicemija	localization_only	book	source_guideline_title	Aptikta aukštos vertės source antraštėje ar guideline title lauke, todėl prieš draftą turi būti sutikrinta su LT-source sluoksniu.			Sudėtinė skyriaus antraštė arba lokalizacijos wording vienetas; nepromuoti į shared lexicon. Tikslinti pilnai lokalizuojant atitinkamą atskirą skyrių.
005-update-analysis-what-s-changed-term-mental-capacity-act-2005	term	Mental Capacity Act 2005		005-update-analysis-what-s-changed	| Mental Capacity Act 2005 | September 2022 | Revised and updated with current legislation. New flowchart for assessing mental capacity included with information around causative nexus. |	`Mental Capacity Act 2005`	original_context_only	book	source_guideline_title	Aptikta aukštos vertės source antraštėje ar guideline title lauke, todėl prieš draftą turi būti sutikrinta su LT-source sluoksniu.			Originalo JK ar tarptautinis kontekstinis vienetas; aktyvioje LT terminų bazėje nefiksuoti. Jei prireiks, pilną LT sprendimą daryti lokalizuojant konkretų skyrių.
005-update-analysis-what-s-changed-term-mental-health-presentations	term	Mental Health Presentations		005-update-analysis-what-s-changed	| Mental Health Presentations | May 2023 | Completely revised guideline. |	Psichikos sveikatos būklės	localization_only	book	source_guideline_title	Aptikta aukštos vertės source antraštėje ar guideline title lauke, todėl prieš draftą turi būti sutikrinta su LT-source sluoksniu.			Sudėtinė skyriaus antraštė arba lokalizacijos wording vienetas; nepromuoti į shared lexicon. Tikslinti pilnai lokalizuojant atitinkamą atskirą skyrių.
005-update-analysis-what-s-changed-term-newborn-life-support	term	Newborn Life Support		005-update-analysis-what-s-changed	| Newborn Life Support | September 2022 | Revised and updated, algorithm revised in line with RCUK. |	naujagimio gaivinimas	approved_global	global	source_guideline_title	Aptikta aukštos vertės source antraštėje ar guideline title lauke, todėl prieš draftą turi būti sutikrinta su LT-source sluoksniu.			Patikrinta LT interneto medicinos šaltiniuose 2026-03-28; užrakinta bendroje bazėje.
005-update-analysis-what-s-changed-term-non-traumatic-chest-pain-discomfort	term	Non-Traumatic Chest Pain/Discomfort		005-update-analysis-what-s-changed	| Non-Traumatic Chest Pain/Discomfort | July 2019 | Reviewed and updated. |	netrauminis krūtinės skausmas ar diskomfortas	localization_only	book	source_guideline_title	Aptikta aukštos vertės source antraštėje ar guideline title lauke, todėl prieš draftą turi būti sutikrinta su LT-source sluoksniu.			Sudėtinė skyriaus antraštė arba lokalizacijos wording vienetas; nepromuoti į shared lexicon. Tikslinti pilnai lokalizuojant atitinkamą atskirą skyrių.
005-update-analysis-what-s-changed-term-out-of-hospital-cardiac-arrest-overview	term	Out-of-Hospital Cardiac Arrest: Overview		005-update-analysis-what-s-changed	| Out-of-Hospital Cardiac Arrest: Overview | September 2022 | Reviewed and updated in line with RCUK. New wording added. |	širdies sustojimas už ligoninės ribų: apžvalga	approved_global	global	source_guideline_title	Aptikta aukštos vertės source antraštėje ar guideline title lauke, todėl prieš draftą turi būti sutikrinta su LT-source sluoksniu.			Patikrinta LT interneto medicinos šaltiniuose 2026-03-28; užrakinta bendroje bazėje.
005-update-analysis-what-s-changed-term-overdose-and-poisoning	term	Overdose and Poisoning		005-update-analysis-what-s-changed	| Overdose and Poisoning in Adults and Children | October 2024 | Revised and updated guideline with support from the National Poison Information Service (NPIS) and RCEM toxicologists. New algorithm included. Substance management table removed. |	apsinuodijimas ir perdozavimas	approved_global	global	source_guideline_title	Aptikta aukštos vertės source antraštėje ar guideline title lauke, todėl prieš draftą turi būti sutikrinta su LT-source sluoksniu.			Patikrinta LT interneto medicinos šaltiniuose 2026-03-28; užrakinta bendroje bazėje.
005-update-analysis-what-s-changed-term-paediatric-gastroenteritis	term	Paediatric Gastroenteritis		005-update-analysis-what-s-changed	| Paediatric Gastroenteritis | July 2019 | Reviewed and updated. |	Gastroenteritas vaikams	localization_only	book	source_guideline_title	Aptikta aukštos vertės source antraštėje ar guideline title lauke, todėl prieš draftą turi būti sutikrinta su LT-source sluoksniu.			Sudėtinė skyriaus antraštė arba lokalizacijos wording vienetas; nepromuoti į shared lexicon. Tikslinti pilnai lokalizuojant atitinkamą atskirą skyrių.
005-update-analysis-what-s-changed-term-pain-management	term	Pain Management		005-update-analysis-what-s-changed	| Pain Management in Adults and Children | July 2025 | Previously separate guidelines for adults and children have now been unified into a single guideline. The updated guideline provides age-specific treatment recommendations and incorporates the PAINAD scale for assessing pain in patients with cognitive impairment. The treatment section has been revised and includes a table outlining pre-hospital analgesia options. |	skausmo valdymas	localization_only	book	source_guideline_title	Aptikta aukštos vertės source antraštėje ar guideline title lauke, todėl prieš draftą turi būti sutikrinta su LT-source sluoksniu.			Sudėtinė skyriaus antraštė arba lokalizacijos wording vienetas; nepromuoti į shared lexicon. Tikslinti pilnai lokalizuojant atitinkamą atskirą skyrių.
005-update-analysis-what-s-changed-term-patient-confidentiality	term	Patient Confidentiality		005-update-analysis-what-s-changed	| Patient Confidentiality | June 2019 | Reviewed and updated. |	Paciento konfidencialumas	localization_only	book	source_guideline_title	Aptikta aukštos vertės source antraštėje ar guideline title lauke, todėl prieš draftą turi būti sutikrinta su LT-source sluoksniu.			Sudėtinė skyriaus antraštė arba lokalizacijos wording vienetas; nepromuoti į shared lexicon. Tikslinti pilnai lokalizuojant atitinkamą atskirą skyrių.
005-update-analysis-what-s-changed-term-patients-with-communication-difficulties	term	Patients with Communication Difficulties		005-update-analysis-what-s-changed	| Patients with Communication Difficulties | April 2025 | Amended wording following feedback around patients who are deaf. |	Pacientai, turintys bendravimo sunkumų	localization_only	book	source_guideline_title	Aptikta aukštos vertės source antraštėje ar guideline title lauke, todėl prieš draftą turi būti sutikrinta su LT-source sluoksniu.			Sudėtinė skyriaus antraštė arba lokalizacijos wording vienetas; nepromuoti į shared lexicon. Tikslinti pilnai lokalizuojant atitinkamą atskirą skyrių.
005-update-analysis-what-s-changed-term-pelvic-trauma	term	Pelvic Trauma		005-update-analysis-what-s-changed	| Pelvic Trauma | July 2024 | Emphasis placed on early consideration for the requirement of additional critical care resources, while still considering the advantage of moving towards hospital care. |	dubens trauma	approved_global	global	source_guideline_title	Aptikta aukštos vertės source antraštėje ar guideline title lauke, todėl prieš draftą turi būti sutikrinta su LT-source sluoksniu.			Patikrinta LT interneto medicinos šaltiniuose 2026-03-28; užrakinta bendroje bazėje.
005-update-analysis-what-s-changed-term-police-incapacitants	term	Police Incapacitants		005-update-analysis-what-s-changed	| Police Incapacitants | October 2022 | Reviewed and updated by NARU. Updated guidance on Conducted Energy Devices (Tasers). Updated assessment and management of irritant/incapacitant sprays, attenuating energy projectiles and batons. |	Policijos naudojamos neutralizuojančios priemonės	localization_only	book	source_guideline_title	Aptikta aukštos vertės source antraštėje ar guideline title lauke, todėl prieš draftą turi būti sutikrinta su LT-source sluoksniu.			Sudėtinė skyriaus antraštė arba lokalizacijos wording vienetas; nepromuoti į shared lexicon. Tikslinti pilnai lokalizuojant atitinkamą atskirą skyrių.
005-update-analysis-what-s-changed-term-pre-eclampsia-and-eclampsia	term	Pre-eclampsia and Eclampsia		005-update-analysis-what-s-changed	| Pre-eclampsia and Eclampsia | July 2025 | This guideline has been fully revised, including the development of a new management algorithm. The updated guidance aligns with NICE NG133 recommendations regarding the use of Magnesium Sulfate for the management of pre-eclampsia and eclampsia. |	preeklampsija ir eklampsija	approved_global	global	source_guideline_title	Aptikta aukštos vertės source antraštėje ar guideline title lauke, todėl prieš draftą turi būti sutikrinta su LT-source sluoksniu.			Patikrinta LT interneto medicinos šaltiniuose 2026-03-28; užrakinta bendroje bazėje.
005-update-analysis-what-s-changed-term-pulmonary-embolism	term	Pulmonary Embolism		005-update-analysis-what-s-changed	| Pulmonary Embolism | January 2024 | Reviewed and updated in line with NICE. Changes to use of Wells score. |	plaučių embolija	approved_global	global	source_guideline_title	Aptikta aukštos vertės source antraštėje ar guideline title lauke, todėl prieš draftą turi būti sutikrinta su LT-source sluoksniu.			Patikrinta LT interneto medicinos šaltiniuose 2026-03-28; užrakinta bendroje bazėje.
005-update-analysis-what-s-changed-term-respiratory-illness	term	Respiratory Illness		005-update-analysis-what-s-changed	| Respiratory Illness in Children | September 2022 | Removal of modified Taussig croup score as not advised by NICE. Dexamethasone is now indicated for children with croup. |	kvėpavimo takų ligos	localization_only	book	source_guideline_title	Aptikta aukštos vertės source antraštėje ar guideline title lauke, todėl prieš draftą turi būti sutikrinta su LT-source sluoksniu.			Sudėtinė skyriaus antraštė arba lokalizacijos wording vienetas; nepromuoti į shared lexicon. Tikslinti pilnai lokalizuojant atitinkamą atskirą skyrių.
005-update-analysis-what-s-changed-term-return-of-spontaneous-circulation	term	Return of Spontaneous Circulation		005-update-analysis-what-s-changed	| Return of Spontaneous Circulation | September 2022 | Reviewed and updated in line with RCUK. New wording added. |	spontaninės kraujotakos atsinaujinimas	approved_global	global	source_guideline_title	Aptikta aukštos vertės source antraštėje ar guideline title lauke, todėl prieš draftą turi būti sutikrinta su LT-source sluoksniu.		https://lsmu.lt/cris/entities/etd/2492865d-db82-4dcf-8577-002c8f78cb67	Patikrinta LT interneto medicinos šaltiniuose 2026-03-28; užrakinta bendroje bazėje.
005-update-analysis-what-s-changed-term-safeguarding-adults-at-risk	term	Safeguarding Adults at Risk		005-update-analysis-what-s-changed	| Safeguarding Adults at Risk | September 2022 | Revised and updated with current legislation. |	Pažeidžiamų suaugusiųjų apsauga	localization_only	book	source_guideline_title	Aptikta aukštos vertės source antraštėje ar guideline title lauke, todėl prieš draftą turi būti sutikrinta su LT-source sluoksniu.			Sudėtinė skyriaus antraštė arba lokalizacijos wording vienetas; nepromuoti į shared lexicon. Tikslinti pilnai lokalizuojant atitinkamą atskirą skyrių.
005-update-analysis-what-s-changed-term-safeguarding-children	term	Safeguarding Children		005-update-analysis-what-s-changed	| Safeguarding Children | September 2022 | Revised and updated with current legislation. |	Vaikų apsauga	localization_only	book	source_guideline_title	Aptikta aukštos vertės source antraštėje ar guideline title lauke, todėl prieš draftą turi būti sutikrinta su LT-source sluoksniu.			Sudėtinė skyriaus antraštė arba lokalizacijos wording vienetas; nepromuoti į shared lexicon. Tikslinti pilnai lokalizuojant atitinkamą atskirą skyrių.
005-update-analysis-what-s-changed-term-sexual-assault	term	Sexual Assault		005-update-analysis-what-s-changed	| Sexual Assault | March 2024 | Fully revised and updated. Emphasis on use of Sexual Assault Referral Centres (SARCs). |	Seksualinis smurtas	localization_only	book	source_guideline_title	Aptikta aukštos vertės source antraštėje ar guideline title lauke, todėl prieš draftą turi būti sutikrinta su LT-source sluoksniu.			Sudėtinė skyriaus antraštė arba lokalizacijos wording vienetas; nepromuoti į shared lexicon. Tikslinti pilnai lokalizuojant atitinkamą atskirą skyrių.
005-update-analysis-what-s-changed-term-sickle-cell-disease	term	Sickle Cell Disease		005-update-analysis-what-s-changed	| Sickle Cell Disease | February 2022 | Alignment to advise oral, intramuscular, or subcutaneous administration rather than IV. |	pjautuvinių ląstelių liga	approved_global	global	source_guideline_title	Aptikta aukštos vertės source antraštėje ar guideline title lauke, todėl prieš draftą turi būti sutikrinta su LT-source sluoksniu.			Patikrinta LT interneto medicinos šaltiniuose 2026-03-28; užrakinta bendroje bazėje.
005-update-analysis-what-s-changed-term-spinal-injury-and-spinal-cord-injury	term	Spinal Injury and Spinal Cord Injury		005-update-analysis-what-s-changed	| Spinal Injury and Spinal Cord Injury | April 2025 | Small wording update to reflect current trust practices around use of collars for immobilisation. |	stuburo trauma ir nugaros smegenų sužalojimas	approved_global	global	source_guideline_title	Aptikta aukštos vertės source antraštėje ar guideline title lauke, todėl prieš draftą turi būti sutikrinta su LT-source sluoksniu.			Patikrinta LT interneto medicinos šaltiniuose 2026-03-28; užrakinta bendroje bazėje.
005-update-analysis-what-s-changed-term-staff-health-and-wellbeing	term	Staff Health and Wellbeing		005-update-analysis-what-s-changed	| Staff Health and Wellbeing | June 2019 | Reviewed and updated. |	Personalo sveikata ir gerovė	localization_only	book	source_guideline_title	Aptikta aukštos vertės source antraštėje ar guideline title lauke, todėl prieš draftą turi būti sutikrinta su LT-source sluoksniu.			Sudėtinė skyriaus antraštė arba lokalizacijos wording vienetas; nepromuoti į shared lexicon. Tikslinti pilnai lokalizuojant atitinkamą atskirą skyrių.
005-update-analysis-what-s-changed-term-stroke-and-transient-ischaemic-attack	term	Stroke and Transient Ischaemic Attack		005-update-analysis-what-s-changed	| Stroke and Transient Ischaemic Attack | May 2021 | Reviewed and updated. |	insultas ir praeinantis smegenų išemijos priepuolis (PSIP)	approved_global	global	source_guideline_title	Aptikta aukštos vertės source antraštėje ar guideline title lauke, todėl prieš draftą turi būti sutikrinta su LT-source sluoksniu.		https://lsmu.lt/wp-content/uploads/2023-avevita-31-10pslweb.pdf	Patikrinta LT interneto neurologijos šaltiniuose 2026-03-29; užrakinta bendroje bazėje. `Transient Ischaemic Attack` daliai LT medicinoje vartotinas `praeinantis smegenų išemijos priepuolis (PSIP)`. `Mikroinsultas` paliktas tik kaip nekanoninis viešosios kalbos pavadinimas.
005-update-analysis-what-s-changed-term-thoracic-trauma	term	Thoracic Trauma		005-update-analysis-what-s-changed	| Thoracic Trauma | July 2024 | Emphasis placed on early consideration for the requirement of additional critical care resources, while still considering the advantage of moving towards hospital care. New guidance on rib fractures. |	krūtinės trauma	approved_global	global	source_guideline_title	Aptikta aukštos vertės source antraštėje ar guideline title lauke, todėl prieš draftą turi būti sutikrinta su LT-source sluoksniu.			Patikrinta LT interneto medicinos šaltiniuose 2026-03-28; užrakinta bendroje bazėje.
005-update-analysis-what-s-changed-term-trauma-emergencies-in-adults-overview	term	Trauma Emergencies in Adults – Overview		005-update-analysis-what-s-changed	| Trauma Emergencies in Adults – Overview | April 2025 | Small wording update to reflect current trust practices around use of collars for immobilisation. |	Trauminės skubios būklės suaugusiesiems – apžvalga	localization_only	book	source_guideline_title	Aptikta aukštos vertės source antraštėje ar guideline title lauke, todėl prieš draftą turi būti sutikrinta su LT-source sluoksniu.			Sudėtinė skyriaus antraštė arba lokalizacijos wording vienetas; nepromuoti į shared lexicon. Tikslinti pilnai lokalizuojant atitinkamą atskirą skyrių.
005-update-analysis-what-s-changed-term-trauma-emergencies-in-children-overview	term	Trauma Emergencies in Children – Overview		005-update-analysis-what-s-changed	| Trauma Emergencies in Children – Overview | February 2022 | New guidance around assessment and management of hanging added. New reference added. |	Trauminės skubios būklės vaikams – apžvalga	localization_only	book	source_guideline_title	Aptikta aukštos vertės source antraštėje ar guideline title lauke, todėl prieš draftą turi būti sutikrinta su LT-source sluoksniu.			Sudėtinė skyriaus antraštė arba lokalizacijos wording vienetas; nepromuoti į shared lexicon. Tikslinti pilnai lokalizuojant atitinkamą atskirą skyrių.
005-update-analysis-what-s-changed-term-trauma-in-pregnancy	term	Trauma in Pregnancy		005-update-analysis-what-s-changed	| Trauma in Pregnancy | July 2019 | Reviewed and updated. |	trauma nėštumo metu	approved_global	global	source_guideline_title	Aptikta aukštos vertės source antraštėje ar guideline title lauke, todėl prieš draftą turi būti sutikrinta su LT-source sluoksniu.			Patikrinta LT interneto medicinos šaltiniuose 2026-03-28; užrakinta bendroje bazėje.
005-update-analysis-what-s-changed-term-vaginal-bleeding	term	Vaginal Bleeding		005-update-analysis-what-s-changed	| Vaginal Bleeding During Pregnancy after 20 Weeks Gestation | January 2024 | New standalone guideline. |	kraujavimas iš makšties	approved_global	global	source_guideline_title	Aptikta aukštos vertės source antraštėje ar guideline title lauke, todėl prieš draftą turi būti sutikrinta su LT-source sluoksniu.			Patikrinta LT interneto medicinos šaltiniuose 2026-03-28; užrakinta bendroje bazėje.
005-update-analysis-what-s-changed-term-vaginal-bleeding-gynaecological-causes	term	Vaginal Bleeding: Gynaecological Causes		005-update-analysis-what-s-changed	| Vaginal Bleeding: Gynaecological Causes | March 2020 | Reviewed and updated. |	Kraujavimas iš makšties: ginekologinės priežastys	localization_only	book	source_guideline_title	Aptikta aukštos vertės source antraštėje ar guideline title lauke, todėl prieš draftą turi būti sutikrinta su LT-source sluoksniu.			Sudėtinė skyriaus antraštė arba lokalizacijos wording vienetas; nepromuoti į shared lexicon. Tikslinti pilnai lokalizuojant atitinkamą atskirą skyrių.
005-update-analysis-what-s-changed-term-vascular-emergencies	term	Vascular Emergencies		005-update-analysis-what-s-changed	| Vascular Emergencies | July 2025 | This guideline has been updated in response to recent clinical feedback and now includes a new section addressing ‘other vascular bleed’ considerations. |	kraujagyslių skubios būklės	localization_only	book	source_guideline_title	Aptikta aukštos vertės source antraštėje ar guideline title lauke, todėl prieš draftą turi būti sutikrinta su LT-source sluoksniu.			Sudėtinė skyriaus antraštė arba lokalizacijos wording vienetas; nepromuoti į shared lexicon. Tikslinti pilnai lokalizuojant atitinkamą atskirą skyrių.
006-list-of-abbreviations-acronym-abcde	acronym	ABCDE		006-list-of-abbreviations	| ABCDE | A – Airway |		candidate	book	source_acronym	Aptikta source tekste kaip santrumpa, bet nėra aktyvioje akronimų bazėje.			
006-list-of-abbreviations-acronym-abd	acronym	ABD		006-list-of-abbreviations	| AAA | Abdominal Aortic Aneurysm |		candidate	book	source_acronym	Aptikta source tekste kaip santrumpa, bet nėra aktyvioje akronimų bazėje.			
006-list-of-abbreviations-acronym-adrt	acronym	ADRT		006-list-of-abbreviations	| ADRT | Advance Decision to Refuse Treatment |		candidate	book	source_acronym	Aptikta source tekste kaip santrumpa, bet nėra aktyvioje akronimų bazėje.			
006-list-of-abbreviations-acronym-apc	acronym	APC		006-list-of-abbreviations	| APC | Antero-Posterior Compression |		candidate	book	source_acronym	Aptikta source tekste kaip santrumpa, bet nėra aktyvioje akronimų bazėje.			
006-list-of-abbreviations-acronym-atmist	acronym	ATMIST		006-list-of-abbreviations	| ATMIST | A – Age |		candidate	book	source_acronym	Aptikta source tekste kaip santrumpa, bet nėra aktyvioje akronimų bazėje.			
006-list-of-abbreviations-acronym-avpu	acronym	AVPU		006-list-of-abbreviations	| AVPU | A – Alert |		candidate	book	source_acronym	Aptikta source tekste kaip santrumpa, bet nėra aktyvioje akronimų bazėje.			
006-list-of-abbreviations-acronym-bg	acronym	BG		006-list-of-abbreviations	| BG | Blood Glucose |		candidate	book	source_acronym	Aptikta source tekste kaip santrumpa, bet nėra aktyvioje akronimų bazėje.			
006-list-of-abbreviations-acronym-bia	acronym	BIA		006-list-of-abbreviations	| BIA | Best Interest Assessors |		candidate	book	source_acronym	Aptikta source tekste kaip santrumpa, bet nėra aktyvioje akronimų bazėje.			
006-list-of-abbreviations-acronym-bm	acronym	BM		006-list-of-abbreviations	| BM | Stick Measures blood sugar |		candidate	book	source_acronym	Aptikta source tekste kaip santrumpa, bet nėra aktyvioje akronimų bazėje.			
006-list-of-abbreviations-acronym-bmi	acronym	BMI		006-list-of-abbreviations	| BMI | Body mass index |		candidate	book	source_acronym	Aptikta source tekste kaip santrumpa, bet nėra aktyvioje akronimų bazėje.			
006-list-of-abbreviations-acronym-bp	acronym	BP		006-list-of-abbreviations	| BP | Blood Pressure |		candidate	book	source_acronym	Aptikta source tekste kaip santrumpa, bet nėra aktyvioje akronimų bazėje.			
006-list-of-abbreviations-acronym-br	acronym	BR		006-list-of-abbreviations	# Chapter 6 List of Abbreviations		candidate	book	source_acronym	Aptikta source tekste kaip santrumpa, bet nėra aktyvioje akronimų bazėje.			
006-list-of-abbreviations-acronym-btcs	acronym	BTCS		006-list-of-abbreviations	| BTCS | Bilateral Tonic-Clonic Seizures |		candidate	book	source_acronym	Aptikta source tekste kaip santrumpa, bet nėra aktyvioje akronimų bazėje.			
006-list-of-abbreviations-acronym-bvm	acronym	BVM		006-list-of-abbreviations	| BVM | Bag-Valve-Mask |		candidate	book	source_acronym	Aptikta source tekste kaip santrumpa, bet nėra aktyvioje akronimų bazėje.			
006-list-of-abbreviations-acronym-cbrne	acronym	CBRNE		006-list-of-abbreviations	| CBRNE | Chemical, Biological, Radiological, Nuclear and Explosive |		candidate	book	source_acronym	Aptikta source tekste kaip santrumpa, bet nėra aktyvioje akronimų bazėje.			
006-list-of-abbreviations-acronym-ccs	acronym	CCS		006-list-of-abbreviations	| CCS | Central Cord Syndrome |		candidate	book	source_acronym	Aptikta source tekste kaip santrumpa, bet nėra aktyvioje akronimų bazėje.			
006-list-of-abbreviations-acronym-cew	acronym	CEW		006-list-of-abbreviations	| CEW | Controlled Electrical Weapon |		candidate	book	source_acronym	Aptikta source tekste kaip santrumpa, bet nėra aktyvioje akronimų bazėje.			
006-list-of-abbreviations-acronym-cfr	acronym	CFR		006-list-of-abbreviations	| CFR | Community first responder |		candidate	book	source_acronym	Aptikta source tekste kaip santrumpa, bet nėra aktyvioje akronimų bazėje.			
006-list-of-abbreviations-acronym-cmht	acronym	CMHT		006-list-of-abbreviations	| CMHT | Community Mental Health Team |		candidate	book	source_acronym	Aptikta source tekste kaip santrumpa, bet nėra aktyvioje akronimų bazėje.			
006-list-of-abbreviations-acronym-cop	acronym	COP		006-list-of-abbreviations	| COP | Code of Practice |		candidate	book	source_acronym	Aptikta source tekste kaip santrumpa, bet nėra aktyvioje akronimų bazėje.			
006-list-of-abbreviations-acronym-cpn	acronym	CPN		006-list-of-abbreviations	| CPN | Community Psychiatric Nurse |		candidate	book	source_acronym	Aptikta source tekste kaip santrumpa, bet nėra aktyvioje akronimų bazėje.			
006-list-of-abbreviations-acronym-cpp	acronym	CPP		006-list-of-abbreviations	| CPP | Cerebral Perfusion Pressure |		candidate	book	source_acronym	Aptikta source tekste kaip santrumpa, bet nėra aktyvioje akronimų bazėje.			
006-list-of-abbreviations-acronym-cpr	acronym	CPR-		006-list-of-abbreviations	| CPR-IC | CPR-induced consciousness |		candidate	book	source_acronym	Aptikta source tekste kaip santrumpa, bet nėra aktyvioje akronimų bazėje.			
006-list-of-abbreviations-acronym-cpr-ic	acronym	CPR-IC		006-list-of-abbreviations	| CPR-IC | CPR-induced consciousness |		candidate	book	source_acronym	Aptikta source tekste kaip santrumpa, bet nėra aktyvioje akronimų bazėje.			
006-list-of-abbreviations-acronym-crt	acronym	CRT		006-list-of-abbreviations	| CRT | Capillary Refill Test |		candidate	book	source_acronym	Aptikta source tekste kaip santrumpa, bet nėra aktyvioje akronimų bazėje.			
006-list-of-abbreviations-acronym-csa	acronym	CSA		006-list-of-abbreviations	| CSA | Child Sexual Abuse |		candidate	book	source_acronym	Aptikta source tekste kaip santrumpa, bet nėra aktyvioje akronimų bazėje.			
006-list-of-abbreviations-acronym-cse	acronym	CSE		006-list-of-abbreviations	| CSE | Child Sexual Exploitation |		candidate	book	source_acronym	Aptikta source tekste kaip santrumpa, bet nėra aktyvioje akronimų bazėje.			
006-list-of-abbreviations-acronym-dbs	acronym	DBS		006-list-of-abbreviations	| DBS | Disclosure and Barring Service |		candidate	book	source_acronym	Aptikta source tekste kaip santrumpa, bet nėra aktyvioje akronimų bazėje.			
006-list-of-abbreviations-acronym-dpa	acronym	DPA		006-list-of-abbreviations	| DPA | Data Protection Act |		candidate	book	source_acronym	Aptikta source tekste kaip santrumpa, bet nėra aktyvioje akronimų bazėje.			
006-list-of-abbreviations-acronym-edd	acronym	EDD		006-list-of-abbreviations	| EDD | Estimated Date of Delivery |		candidate	book	source_acronym	Aptikta source tekste kaip santrumpa, bet nėra aktyvioje akronimų bazėje.			
006-list-of-abbreviations-acronym-eoc	acronym	EOC		006-list-of-abbreviations	| EOC | Emergency Operations Centre |		candidate	book	source_acronym	Aptikta source tekste kaip santrumpa, bet nėra aktyvioje akronimų bazėje.			
006-list-of-abbreviations-acronym-fast	acronym	FAST		006-list-of-abbreviations	| FAST | F – Face |		candidate	book	source_acronym	Aptikta source tekste kaip santrumpa, bet nėra aktyvioje akronimų bazėje.			
006-list-of-abbreviations-acronym-fgm	acronym	FGM		006-list-of-abbreviations	| FGM | Female genital mutilation |		candidate	book	source_acronym	Aptikta source tekste kaip santrumpa, bet nėra aktyvioje akronimų bazėje.			
006-list-of-abbreviations-acronym-fii	acronym	FII		006-list-of-abbreviations	| FII | Fabricated or Induced Illness |		candidate	book	source_acronym	Aptikta source tekste kaip santrumpa, bet nėra aktyvioje akronimų bazėje.			
006-list-of-abbreviations-acronym-flacc	acronym	FLACC		006-list-of-abbreviations	| FLACC | F – Face |		candidate	book	source_acronym	Aptikta source tekste kaip santrumpa, bet nėra aktyvioje akronimų bazėje.			
006-list-of-abbreviations-acronym-gbs	acronym	GBS		006-list-of-abbreviations	| GBS | Group B Strep Infection |		candidate	book	source_acronym	Aptikta source tekste kaip santrumpa, bet nėra aktyvioje akronimų bazėje.			
006-list-of-abbreviations-acronym-gcs	acronym	GCS		006-list-of-abbreviations	| GCS | Glasgow Coma Scale |		candidate	book	source_acronym	Aptikta source tekste kaip santrumpa, bet nėra aktyvioje akronimų bazėje.			
006-list-of-abbreviations-acronym-gdpr	acronym	GDPR		006-list-of-abbreviations	| GDPR | General Data Protection Regulations 2018 |		candidate	book	source_acronym	Aptikta source tekste kaip santrumpa, bet nėra aktyvioje akronimų bazėje.			
006-list-of-abbreviations-acronym-gp	acronym	GP		006-list-of-abbreviations	| GP | General Practitioner |		candidate	book	source_acronym	Aptikta source tekste kaip santrumpa, bet nėra aktyvioje akronimų bazėje.			
006-list-of-abbreviations-acronym-gum	acronym	GUM		006-list-of-abbreviations	| GUM | Genito-urinary medicine |		candidate	book	source_acronym	Aptikta source tekste kaip santrumpa, bet nėra aktyvioje akronimų bazėje.			
006-list-of-abbreviations-acronym-hart	acronym	HART		006-list-of-abbreviations	| HART | Hazardous Area Response Team |		candidate	book	source_acronym	Aptikta source tekste kaip santrumpa, bet nėra aktyvioje akronimų bazėje.			
006-list-of-abbreviations-acronym-hme	acronym	HME		006-list-of-abbreviations	| HME | Heat moisture exchanger |		candidate	book	source_acronym	Aptikta source tekste kaip santrumpa, bet nėra aktyvioje akronimų bazėje.			
006-list-of-abbreviations-acronym-hr	acronym	HR		006-list-of-abbreviations	| COPD | Chronic Obstructive Pulmonary Disease |		candidate	book	source_acronym	Aptikta source tekste kaip santrumpa, bet nėra aktyvioje akronimų bazėje.			
006-list-of-abbreviations-acronym-icd	acronym	ICD		006-list-of-abbreviations	| ICD | International Classification of Diseases |		candidate	book	source_acronym	Aptikta source tekste kaip santrumpa, bet nėra aktyvioje akronimų bazėje.			
006-list-of-abbreviations-acronym-ice	acronym	ICE		006-list-of-abbreviations	|  | V – Responds to voice |		candidate	book	source_acronym	Aptikta source tekste kaip santrumpa, bet nėra aktyvioje akronimų bazėje.			
006-list-of-abbreviations-acronym-imca	acronym	IMCA		006-list-of-abbreviations	| IMCA | Independent Mental Capacity Advocates |		candidate	book	source_acronym	Aptikta source tekste kaip santrumpa, bet nėra aktyvioje akronimų bazėje.			
006-list-of-abbreviations-acronym-ipap	acronym	IPAP		006-list-of-abbreviations	| BiPAP | Bilevel Positive Pressure Ventilation |		candidate	book	source_acronym	Aptikta source tekste kaip santrumpa, bet nėra aktyvioje akronimų bazėje.			
006-list-of-abbreviations-acronym-itu	acronym	ITU		006-list-of-abbreviations	| DM | Diabetes Mellitus |		candidate	book	source_acronym	Aptikta source tekste kaip santrumpa, bet nėra aktyvioje akronimų bazėje.			
006-list-of-abbreviations-acronym-iv	acronym	IV		006-list-of-abbreviations	| ADHD | Attention Deficit Hyperactivity Disorder |		candidate	book	source_acronym	Aptikta source tekste kaip santrumpa, bet nėra aktyvioje akronimų bazėje.			
006-list-of-abbreviations-acronym-lmp	acronym	LMP		006-list-of-abbreviations	| LMP | Last Menstrual Period |		candidate	book	source_acronym	Aptikta source tekste kaip santrumpa, bet nėra aktyvioje akronimų bazėje.			
006-list-of-abbreviations-acronym-loc	acronym	LOC		006-list-of-abbreviations	| ALoC | Altered level of consciousness |		candidate	book	source_acronym	Aptikta source tekste kaip santrumpa, bet nėra aktyvioje akronimų bazėje.			
006-list-of-abbreviations-acronym-lpa	acronym	LPA		006-list-of-abbreviations	| LPA | Lasting Power of Attorney |		candidate	book	source_acronym	Aptikta source tekste kaip santrumpa, bet nėra aktyvioje akronimų bazėje.			
006-list-of-abbreviations-acronym-mbrrace	acronym	MBRRACE		006-list-of-abbreviations	| MBRRACE | Mothers and Babies: Reducing Risk through Audits and Confidential Enquiries |		candidate	book	source_acronym	Aptikta source tekste kaip santrumpa, bet nėra aktyvioje akronimų bazėje.			
006-list-of-abbreviations-acronym-mca	acronym	MCA		006-list-of-abbreviations	| IMCA | Independent Mental Capacity Advocates |		candidate	book	source_acronym	Aptikta source tekste kaip santrumpa, bet nėra aktyvioje akronimų bazėje.			
006-list-of-abbreviations-acronym-mecc	acronym	MECC		006-list-of-abbreviations	| MECC | Making Every Contact Count |		candidate	book	source_acronym	Aptikta source tekste kaip santrumpa, bet nėra aktyvioje akronimų bazėje.			
006-list-of-abbreviations-acronym-mha	acronym	MHA		006-list-of-abbreviations	| MHA | Mental Health Act |		candidate	book	source_acronym	Aptikta source tekste kaip santrumpa, bet nėra aktyvioje akronimų bazėje.			
006-list-of-abbreviations-acronym-minap	acronym	MINAP		006-list-of-abbreviations	| MINAP | Myocardial Ischaemia National Audit Project |		candidate	book	source_acronym	Aptikta source tekste kaip santrumpa, bet nėra aktyvioje akronimų bazėje.			
006-list-of-abbreviations-acronym-moi	acronym	MOI		006-list-of-abbreviations	| HME | Heat moisture exchanger |		candidate	book	source_acronym	Aptikta source tekste kaip santrumpa, bet nėra aktyvioje akronimų bazėje.			
006-list-of-abbreviations-acronym-msc	acronym	MSC		006-list-of-abbreviations	| MSC | M – Motor |		candidate	book	source_acronym	Aptikta source tekste kaip santrumpa, bet nėra aktyvioje akronimų bazėje.			
006-list-of-abbreviations-acronym-mtc	acronym	MTC		006-list-of-abbreviations	| MTC | Major Trauma Centre |		candidate	book	source_acronym	Aptikta source tekste kaip santrumpa, bet nėra aktyvioje akronimų bazėje.			
006-list-of-abbreviations-acronym-naru	acronym	NARU		006-list-of-abbreviations	| NARU | National Ambulance Resilience Unit |		candidate	book	source_acronym	Aptikta source tekste kaip santrumpa, bet nėra aktyvioje akronimų bazėje.			
006-list-of-abbreviations-acronym-neet	acronym	NEET		006-list-of-abbreviations	| NEET | Not in Education, Employment or Training |		candidate	book	source_acronym	Aptikta source tekste kaip santrumpa, bet nėra aktyvioje akronimų bazėje.			
006-list-of-abbreviations-acronym-nice	acronym	NICE		006-list-of-abbreviations	| NICE | National Institute for Health and Care Excellence |		candidate	book	source_acronym	Aptikta source tekste kaip santrumpa, bet nėra aktyvioje akronimų bazėje.			
006-list-of-abbreviations-acronym-npa	acronym	NPA		006-list-of-abbreviations	| NPA | Nasopharyngeal airway |		candidate	book	source_acronym	Aptikta source tekste kaip santrumpa, bet nėra aktyvioje akronimų bazėje.			
006-list-of-abbreviations-acronym-npis	acronym	NPIS		006-list-of-abbreviations	| NPIS | National Poisons Information Service |		candidate	book	source_acronym	Aptikta source tekste kaip santrumpa, bet nėra aktyvioje akronimų bazėje.			
006-list-of-abbreviations-acronym-nsaid	acronym	NSAID		006-list-of-abbreviations	| NSAID | Non-Steroidal Anti-inflammatory Drug |		candidate	book	source_acronym	Aptikta source tekste kaip santrumpa, bet nėra aktyvioje akronimų bazėje.			
006-list-of-abbreviations-acronym-ooh	acronym	OOH		006-list-of-abbreviations	| OOH | Out of Hours |		candidate	book	source_acronym	Aptikta source tekste kaip santrumpa, bet nėra aktyvioje akronimų bazėje.			
006-list-of-abbreviations-acronym-pco	acronym	PCO		006-list-of-abbreviations	| PCO 2 | Measure of the Partial Pressure of Carbon dioxide |		candidate	book	source_acronym	Aptikta source tekste kaip santrumpa, bet nėra aktyvioje akronimų bazėje.			
006-list-of-abbreviations-acronym-pefr	acronym	PEFR		006-list-of-abbreviations	| PEFR | Peak Expiratory Flow Rate |		candidate	book	source_acronym	Aptikta source tekste kaip santrumpa, bet nėra aktyvioje akronimų bazėje.			
006-list-of-abbreviations-acronym-phecg	acronym	PHECG		006-list-of-abbreviations	| PHECG | Pre-hospital 12-lead electrocardiogram |		candidate	book	source_acronym	Aptikta source tekste kaip santrumpa, bet nėra aktyvioje akronimų bazėje.			
006-list-of-abbreviations-acronym-ppci	acronym	PPCI		006-list-of-abbreviations	| PPCI | Primary Percutaneous Coronary Intervention |		candidate	book	source_acronym	Aptikta source tekste kaip santrumpa, bet nėra aktyvioje akronimų bazėje.			
006-list-of-abbreviations-acronym-ppe	acronym	PPE		006-list-of-abbreviations	| PPE | Personal Protective Equipment |		candidate	book	source_acronym	Aptikta source tekste kaip santrumpa, bet nėra aktyvioje akronimų bazėje.			
006-list-of-abbreviations-acronym-pph	acronym	PPH		006-list-of-abbreviations	| PPH | Post-Partum Haemorrhage |		candidate	book	source_acronym	Aptikta source tekste kaip santrumpa, bet nėra aktyvioje akronimų bazėje.			
006-list-of-abbreviations-acronym-press	acronym	PRESS		006-list-of-abbreviations	| APC | Antero-Posterior Compression |		candidate	book	source_acronym	Aptikta source tekste kaip santrumpa, bet nėra aktyvioje akronimų bazėje.			
006-list-of-abbreviations-acronym-psp	acronym	PSP		006-list-of-abbreviations	| PSP | Patient specific protocol |		candidate	book	source_acronym	Aptikta source tekste kaip santrumpa, bet nėra aktyvioje akronimų bazėje.			
006-list-of-abbreviations-acronym-pv	acronym	PV		006-list-of-abbreviations	| HPV | Human papillomavirus |		candidate	book	source_acronym	Aptikta source tekste kaip santrumpa, bet nėra aktyvioje akronimų bazėje.			
006-list-of-abbreviations-acronym-role	acronym	ROLE		006-list-of-abbreviations	| ROLE | Recognition Of Life Extinct |		candidate	book	source_acronym	Aptikta source tekste kaip santrumpa, bet nėra aktyvioje akronimų bazėje.			
006-list-of-abbreviations-acronym-rr	acronym	RR		006-list-of-abbreviations	| AC | Alternating Current |		candidate	book	source_acronym	Aptikta source tekste kaip santrumpa, bet nėra aktyvioje akronimų bazėje.			
006-list-of-abbreviations-acronym-rtc	acronym	RTC		006-list-of-abbreviations	| RTC | Road Traffic Collision |		candidate	book	source_acronym	Aptikta source tekste kaip santrumpa, bet nėra aktyvioje akronimų bazėje.			
006-list-of-abbreviations-acronym-rvp	acronym	RVP		006-list-of-abbreviations	| RVP | Rendezvous Point(s) |		candidate	book	source_acronym	Aptikta source tekste kaip santrumpa, bet nėra aktyvioje akronimų bazėje.			
006-list-of-abbreviations-acronym-sarc	acronym	SARC		006-list-of-abbreviations	| SARC | Sexual Assault Referral Centre |		candidate	book	source_acronym	Aptikta source tekste kaip santrumpa, bet nėra aktyvioje akronimų bazėje.			
006-list-of-abbreviations-acronym-sbar	acronym	SBAR		006-list-of-abbreviations	| SBAR | S – Situation |		candidate	book	source_acronym	Aptikta source tekste kaip santrumpa, bet nėra aktyvioje akronimų bazėje.			
006-list-of-abbreviations-acronym-sbp	acronym	SBP		006-list-of-abbreviations	| SBP | Systolic Blood Pressure |		candidate	book	source_acronym	Aptikta source tekste kaip santrumpa, bet nėra aktyvioje akronimų bazėje.			
006-list-of-abbreviations-acronym-scene	acronym	SCENE		006-list-of-abbreviations	| SCENE | S – Safety |		candidate	book	source_acronym	Aptikta source tekste kaip santrumpa, bet nėra aktyvioje akronimų bazėje.			
006-list-of-abbreviations-acronym-sga	acronym	SGA		006-list-of-abbreviations	| SGA | Supraglottic airway |		candidate	book	source_acronym	Aptikta source tekste kaip santrumpa, bet nėra aktyvioje akronimų bazėje.			
006-list-of-abbreviations-acronym-sob	acronym	SOB		006-list-of-abbreviations	| SOB | Shortness of breath |		candidate	book	source_acronym	Aptikta source tekste kaip santrumpa, bet nėra aktyvioje akronimų bazėje.			
006-list-of-abbreviations-acronym-soboe	acronym	SOBOE		006-list-of-abbreviations	| SOBOE | Shortness of breath on exertion |		candidate	book	source_acronym	Aptikta source tekste kaip santrumpa, bet nėra aktyvioje akronimų bazėje.			
006-list-of-abbreviations-acronym-socrates	acronym	SOCRATES		006-list-of-abbreviations	| SOCRATES | S – Site |		candidate	book	source_acronym	Aptikta source tekste kaip santrumpa, bet nėra aktyvioje akronimų bazėje.			
006-list-of-abbreviations-acronym-sop	acronym	SOP		006-list-of-abbreviations	| NPA | Nasopharyngeal airway |		candidate	book	source_acronym	Aptikta source tekste kaip santrumpa, bet nėra aktyvioje akronimų bazėje.			
006-list-of-abbreviations-acronym-sort	acronym	SORT		006-list-of-abbreviations	| SORT | Special Operations Response Team |		candidate	book	source_acronym	Aptikta source tekste kaip santrumpa, bet nėra aktyvioje akronimų bazėje.			
006-list-of-abbreviations-acronym-tarn	acronym	TARN		006-list-of-abbreviations	| TARN | Trauma Audit Research Network |		candidate	book	source_acronym	Aptikta source tekste kaip santrumpa, bet nėra aktyvioje akronimų bazėje.			
006-list-of-abbreviations-acronym-tbsa	acronym	TBSA		006-list-of-abbreviations	| TBSA | Total Body Surface Area |		candidate	book	source_acronym	Aptikta source tekste kaip santrumpa, bet nėra aktyvioje akronimų bazėje.			
006-list-of-abbreviations-acronym-urti	acronym	URTI		006-list-of-abbreviations	| URTI | Upper Respiratory Tract Infection |		candidate	book	source_acronym	Aptikta source tekste kaip santrumpa, bet nėra aktyvioje akronimų bazėje.			
006-list-of-abbreviations-acronym-uti	acronym	UTI		006-list-of-abbreviations	| FGM | Female genital mutilation |		candidate	book	source_acronym	Aptikta source tekste kaip santrumpa, bet nėra aktyvioje akronimų bazėje.			
006-list-of-abbreviations-acronym-vs	acronym	VS		006-list-of-abbreviations	| HVS | Hyperventilation Syndrome |		candidate	book	source_acronym	Aptikta source tekste kaip santrumpa, bet nėra aktyvioje akronimų bazėje.			
006-list-of-abbreviations-acronym-who	acronym	WHO		006-list-of-abbreviations	| WHO | World Health Organisation |		candidate	book	source_acronym	Aptikta source tekste kaip santrumpa, bet nėra aktyvioje akronimų bazėje.			
006-list-of-abbreviations-term-co-2	term	CO 2		006-list-of-abbreviations	| CO 2 | Carbon dioxide |	anglies dioksidas	localization_only	book	source_guideline_title	Aptikta aukštos vertės source antraštėje ar guideline title lauke, todėl prieš draftą turi būti sutikrinta su LT-source sluoksniu.		https://lsmu.lt/cris/entities/publication/e5a911d6-1ebd-4643-93f6-60ea04d99c77	Source formatuotėje yra tarpas, bet LT sprendimas šiame skyriuje jau užrakintas kaip `anglies dioksidas`; į shared termbase atskiro termino nepromuoti.
006-list-of-abbreviations-term-etco-2	term	EtCO 2		006-list-of-abbreviations	| EtCO 2 | Exhaled (end-tidal) carbon dioxide |	iškvepiamo oro anglies dioksidas	localization_only	book	source_guideline_title	Aptikta aukštos vertės source antraštėje ar guideline title lauke, todėl prieš draftą turi būti sutikrinta su LT-source sluoksniu.		https://sam.lrv.lt/public/canonical/1744181951/27435/24-03_SAM%2520VEIKLOS%2520ATASKAITA_final.pdf	Source formatuotėje yra tarpas, bet LT sprendimas šiame skyriuje jau užrakintas kaip `iškvepiamo oro anglies dioksidas`.
006-list-of-abbreviations-term-list-of-abbreviations	term	List of Abbreviations		006-list-of-abbreviations	# Chapter 6 List of Abbreviations	Santrumpų sąrašas	localization_only	book	source_heading	Aptikta aukštos vertės source antraštėje ar guideline title lauke, todėl prieš draftą turi būti sutikrinta su LT-source sluoksniu.			Skyriaus pavadinimo lokalizacija užrakinta LT faile; į shared terminų bazę nepromuoti.
006-list-of-abbreviations-term-o-2	term	O 2		006-list-of-abbreviations	| O 2 | Oxygen |	deguonis	localization_only	book	source_guideline_title	Aptikta aukštos vertės source antraštėje ar guideline title lauke, todėl prieš draftą turi būti sutikrinta su LT-source sluoksniu.			Source formatuotėje yra tarpas, bet tai cheminio elemento žyma; LT faile lokalizuota kaip `deguonis`.
006-list-of-abbreviations-term-pco-2	term	PCO 2		006-list-of-abbreviations	| PCO 2 | Measure of the Partial Pressure of Carbon dioxide |	dalinis anglies dioksido slėgis	localization_only	book	source_guideline_title	Aptikta aukštos vertės source antraštėje ar guideline title lauke, todėl prieš draftą turi būti sutikrinta su LT-source sluoksniu.			Šiame skyriuje vartojama kaip parametro išskleistis; LT faile lokalizuota aprašomąja forma.
006-list-of-abbreviations-term-spo-2	term	SpO 2		006-list-of-abbreviations	| SpO 2 | Oxygen Saturation Measured With Pulse Oximeter |	deguonies įsotinimas, matuojamas pulsoksimetru	localization_only	book	source_guideline_title	Aptikta aukštos vertės source antraštėje ar guideline title lauke, todėl prieš draftą turi būti sutikrinta su LT-source sluoksniu.			Source formatuotėje yra tarpas, bet LT sprendimas šiame skyriuje užrakintas kaip `deguonies įsotinimas, matuojamas pulsoksimetru`.
